cb8bc5,127.0.0.1,GET,http://dblvd.localhost/en/,1389739121,
0d3bb9,127.0.0.1,GET,http://dblvd.localhost/en/,1389739240,
d8ef52,127.0.0.1,GET,http://dblvd.localhost/en/,1389739790,
7abff3,127.0.0.1,GET,http://dblvd.localhost/en/,1389740974,
cde4e3,127.0.0.1,GET,http://dblvd.localhost/en/about/,1389741227,
0fd755,127.0.0.1,GET,http://dblvd.localhost/en/about/,1389741242,
1b19c4,127.0.0.1,GET,http://dblvd.localhost/en/about/,1389741245,
57b32a,127.0.0.1,GET,http://dblvd.localhost/en/about/,1389741249,
f218e1,127.0.0.1,GET,http://dblvd.localhost/en/about/,1389741251,
b25259,127.0.0.1,GET,http://dblvd.localhost/en/about/,1389741253,
6f1104,127.0.0.1,GET,http://dblvd.localhost/en/about/,1389741254,
a50164,127.0.0.1,GET,http://dblvd.localhost/en/about/,1389741255,
